{
  "AI": 100,
  "AJAX": 20,
  "ANDROID": 78,
  "ANGULAR": 26,
  "API": 43,
  "APP": 41,
  "ARM": 18,
  "BI": 44,
  "C#": 33,
  "C++": 176,
  "CSS": 56,
  "CSS3": 6,
  "DJANGO": 18,
  "DOCKER": 32,
  "ELASTICSEARCH": 22,
  "EXCEL": 18,
  "GIT": 120,
  "GO": 140,
  "GOLANG": 22,
  "HBASE": 17,
  "HIVE": 22,
  "HTML": 71,
  "HTML5": 13,
  "HTTP": 73,
  "HTTPS": 11,
  "IOS": 21,
  "IP": 197,
  "JAVA": 223,
  "JAVASCRIPT": 67,
  "JQUERY": 33,
  "JS": 129,
  "KUBERNETES": 15,
  "LINUX": 115,
  "LOW": 129,
  "MQ": 26,
  "MVC": 23,
  "MYBATIS": 30,
  "MYSQL": 102,
  "NET": 60,
  "NODE": 48,
  "NODEJS": 23,
  "OFFICE": 8,
  "OPENCV": 35,
  "ORACLE": 37,
  "PHP": 16,
  "PPT": 15,
  "PYTHON": 266,
  "REACT": 101,
  "REDIS": 39,
  "ROS": 47,
  "SEMI": 47,
  "SHELL": 34,
  "SIEMENS": 28,
  "SOCKET": 30,
  "SPARK": 28,
  "SPRING": 94,
  "SPRINGBOOT": 27,
  "SQL": 217,
  "SVN": 14,
  "TCP": 47,
  "TYPESCRIPT": 19,
  "UI": 44,
  "VUE": 116,
  "WEB": 126,
  "WEBPACK": 23,
  "WORD": 11,
  "中间件": 17,
  "内存": 17,
  "分布式": 58,
  "前端": 145,
  "可视化": 22,
  "多线程": 44,
  "存储": 46,
  "安全": 27,
  "嵌入式": 31,
  "建模": 45,
  "操作": 114,
  "数学": 70,
  "数据库": 200,
  "日语": 0,
  "测试": 191,
  "浏览器": 30,
  "竞赛": 71,
  "算法": 483,
  "网络": 129,
  "脚本": 53,
  "自动化": 113,
  "英语": 133,
  "读写": 18,
  "运营": 14,
  "金融": 61,
  "面向对象": 34
}